,zip_code,median_income
11,45682,67567
22,45862,85701
84,43750,52066
96,45113,52501
150,44804,43229
194,44852,18509
199,44464,18814
313,46000,73673
338,44000,73937
345,45170,74369
351,44003,74010
368,45083,74872
371,44732,74931
382,45354,77587
421,45833,62867
447,45385,62374
449,45114,62422
450,45078,62426
470,44052,34481
482,45119,34448
484,43798,34432
486,45598,34461
490,43363,34667
516,43107,62946
518,44483,62966
556,45062,98901
590,45226,44301
591,44811,44305
607,43992,44511
629,43854,46013
684,45694,46946
697,45250,55072
713,44213,55792
722,45078,55808
732,43163,75555
764,43750,4760
765,43929,4766
787,43490,28573
793,44858,28684
820,44456,33952
834,45110,17102
835,43472,17223
871,44833,12811
963,44232,80727
1039,45195,35611
1051,43250,35981
1052,44690,35010
1078,43267,35550
1083,45395,35643
1103,44886,50476
1108,45313,50107
1217,43259,27022
1227,44625,27406
1228,45516,27409
1242,44677,79102
1267,43167,51631
1287,45298,19611
1348,44875,73933
1356,43333,73720
1362,44777,73006
1366,46000,73033
1382,44107,61431
1398,45577,61870
1428,45833,21539
1441,45950,78221
1456,45417,78217
1473,45469,31532
1484,45958,31305
1497,45227,51543
1513,43958,51448
1525,44539,51346
1558,44596,84642
1568,43281,93616
1590,43127,85040
1647,44034,44446
1649,45046,37854
1652,44718,37887
1700,45496,50616
1737,44375,66858
1739,44625,66930
1752,44688,66859
1753,45819,66869
1833,43645,73110
1835,44571,73122
1836,44330,73439
1938,43155,62301
2014,44583,62885
2045,43169,62930
2053,44116,33973
2087,44327,96029
2140,44886,62899
2206,45455,96021
2207,45625,96074
2267,43787,92061
2274,44500,92268
2287,44146,48829
2288,44688,28073
2289,43596,28098
2290,45197,28119
2291,45161,28144
2297,43654,28307
2310,43958,28007
2316,44097,32346
2328,45890,32301
2334,45758,32334
2370,45500,13666
2392,45718,27830
2397,45385,27882
2398,44056,27889
2403,43685,39520
2407,44616,39653
2419,45000,4464
2443,44375,81071
2449,43409,81029
2450,45625,81045
2452,43159,81052
2466,45658,15062
2502,43653,15767
2525,45687,23075
2526,45313,23867
2539,43672,23123
2560,44559,73075
2572,45729,73772
2585,44725,76255
2593,44719,76384
2647,44004,38001
2664,45919,45212
2693,45833,54428
2699,43889,54537
2701,44632,54552
2706,44226,54613
2834,43071,6114
2888,43267,83440
2892,44564,83544
2942,44630,61469
2978,43482,31036
3013,43944,72632
3015,45917,72662
3041,45000,5153
3085,45867,93263
3110,45250,84027
3146,45797,21201
3151,43191,39067
3154,44625,39459
3159,44250,39561
3180,43738,39320
3222,44869,50316
3226,45192,50433
3241,44131,76543
3372,45859,29032
3375,44315,29384
3423,43558,69146
3455,44476,62830
3461,45729,62938
3473,43438,71959
3513,44531,37030
3521,44196,37714
3526,43750,37097
3537,45149,37033
3553,43556,19138
3578,45569,19082
3598,44922,96091
3608,45625,96090
3609,45208,96093
3704,45769,25671
3716,43433,37711
3721,43021,37752
3731,45994,74864
3735,45972,74450
3767,43475,48453
3882,44750,16333
3884,44750,16427
3888,43190,16602
3893,43984,16863
3955,44688,80757
3982,44525,88345
4006,43801,38553
4008,45158,38574
4014,45233,38748
4015,45735,38756
4020,44545,38848
4024,44880,38024
4027,43087,38104
4034,44741,38915
4044,45714,73944
4060,45893,73641
4092,44659,57062
4129,43158,81062
4153,43161,81416
4169,44923,78801
4204,43306,74801
4212,43019,74953
4226,43438,4781
4232,44466,4950
4235,45625,4969
4239,44531,4987
4257,44750,4216
4343,44542,75243
4344,43153,75246
4350,44514,75436
4406,43600,28363
4409,43636,28393
4434,43000,62633
4511,43646,72933
4513,45145,72937
4523,44769,72045
4537,43391,72202
4590,45625,61043
4591,44286,61079
4597,45921,61616
4606,43813,25015
4608,45750,25031
4707,44245,70359
4720,44025,70076
4725,43358,70394
4750,45795,76834
4762,45258,76424
4796,43393,62917
4798,45054,62931
4803,43177,62080
4827,44362,33484
4840,43561,33415
4858,44601,37748
4890,45283,37727
4901,44125,69040
4908,44258,69336
4912,45987,69145
4930,43068,26855
4967,43897,71003
4969,44364,71027
4990,44969,33563
5005,45471,33898
5013,44944,92256
5023,44865,37325
5065,43853,61032
5113,44583,56146
5125,44464,56160
5142,45833,74521
5147,45515,74536
5152,44429,74731
5163,44880,36360
5194,43837,13697
5238,43768,4614
5284,44318,36346
5317,45073,3561
5391,43958,49879
5395,44583,49919
5433,43190,87556
5441,45240,87036
5445,44723,87020
5465,43360,87106
5469,45568,87321
5523,43750,15088
5526,44774,15137
5549,44817,25827
5560,44511,25286
5562,45745,25311
5569,43780,25515
5573,44035,25601
5576,44610,45769
5589,44444,57073
5596,43444,57754
5605,43523,57349
5661,45893,39322
5665,43489,39461
5669,45763,39563
5682,44583,39159
5696,44500,39358
5697,44375,39359
5698,43722,74959
5708,45149,74954
5713,43750,74333
5727,44750,74442
5751,43612,44417
5756,45833,4449
5757,43438,4459
5771,43419,40280
5783,44718,40489
5851,44188,45663
5859,45987,45003
5861,44028,45001
5880,43750,39094
5884,43750,39162
5898,45417,39815
5906,44764,39828
5950,43750,62326
5998,45655,93268
6024,44980,93286
6039,45547,76673
6044,43068,76859
6049,45250,76936
6086,43929,84716
6112,44716,86326
6114,43563,35019
6137,45167,35580
6155,43125,36258
6157,43801,36271
6162,45294,36444
6166,43634,36509
6169,44313,36576
6223,45254,39365
6256,44658,60615
6288,45573,71861
6297,43902,37738
6298,45726,37861
6318,45238,58631
6333,45739,37880
6349,45140,39466
6361,45729,61563
6378,45769,61933
6408,44111,22576
6411,43805,46615
6471,45164,25635
6479,43185,25159
6515,43009,83612
6541,44896,25696
6550,43942,83840
6570,45484,83843
6604,43065,11206
6612,44145,41317
6616,45750,36474
6620,43482,36522
6623,45357,36558
6624,43836,36562
6628,43058,36606
6675,43250,41527
6695,43529,41572
6704,45872,41754
6705,45543,41764
6707,43117,41819
6714,44556,41571
6726,43038,32119
6729,45714,36255
6736,45152,36524
6792,44517,95351
6796,44297,95645
6889,45859,17886
6892,46000,17221
6918,44307,36049
6924,45313,36091
6928,44569,36036
6978,44688,15427
6998,45735,42223
6999,43119,42320
7005,44750,42436
7012,43750,42746
7013,45419,45211
7031,43750,16724
7107,43780,63664
7110,43939,63660
7216,45041,34607
7229,43098,40019
7251,45000,59743
7329,43153,45133
7337,43673,45015
7341,44321,16354
7371,43900,31562
7406,44601,66508
7472,45842,27851
7473,44938,27857
7487,44615,54664
7511,44205,54566
7613,44179,92586
7665,43385,97344
7666,43594,97368
7700,44540,97403
7703,44904,97441
7816,43659,30641
7837,44695,70733
7862,43419,61866
7902,43542,60910
7910,43372,60629
7950,45500,49945
7955,44009,49935
7984,45270,83849
7987,44678,79512
8009,44118,36785
8013,43942,48853
8021,43833,48221
8038,45488,48604
8041,43470,48629
8063,45262,43756
8130,44036,48732
8131,45543,48733
8132,45985,48740
8140,43438,99359
8170,44040,43731
8184,44659,43337
8199,45827,2115
8227,43824,97539
8228,45771,97624
8243,45294,97862
8246,43750,97904
8270,46000,16210
8299,44167,4735
8313,45625,4346
8331,44875,49338
8356,44432,17272
8366,45114,68815
8368,43864,68853
8372,45962,68935
8403,46000,43142
8430,45714,18631
8440,45446,18455
8447,43181,42240
8458,45503,85929
8462,44867,85120
8476,45740,42330
8491,43907,15221
8503,43333,16665
8571,43500,30538
8573,45938,30562
8590,44547,30354
8608,45469,31790
8612,43654,31012
8613,43921,31014
8616,45125,31035
8639,44097,45771
8693,43174,40177
8698,44786,40045
8705,43305,40505
8720,45164,70392
8733,43000,29104
8794,45417,16245
8819,44864,47260
8827,44725,47374
8829,45889,42206
8832,45655,42261
8837,44706,42410
8838,45466,42431
8840,44000,42202
8848,43333,66725
8859,44250,68777
8877,43705,68939
8892,43750,68323
8898,43077,68724
8916,44969,27507
8923,45221,27805
8930,45955,27320
8939,43399,27864
8941,44396,24105
8947,44536,24102
8956,44081,24230
9101,43558,63552
9128,45170,63945
9148,43125,97147
9164,45933,97633
9176,45163,97396
9208,44215,92201
9230,44129,92411
9284,43525,1022
9291,44291,1151
9310,45550,61364
9315,45556,27824
9316,43683,27846
9317,43842,27855
9324,45154,27521
9357,45417,27942
9376,43306,98844
9377,44632,98849
9404,44167,92220
9422,44076,79754
9426,45625,79567
9442,45956,79336
9472,44444,49255
9477,45281,48742
9512,43527,34956
9513,43851,34972
9526,45125,34606
9537,43767,49764
9556,45313,49922
9568,43971,49765
9569,44219,49766
9608,44375,99561
9650,44767,2558
9718,43750,16372
9762,45709,49421
9775,45000,40060
9782,43385,40351
9786,43596,40437
9803,45743,40701
9812,45089,81055
9894,43567,85006
9896,45492,85033
9904,45000,85610
9917,45754,85035
9924,44792,85342
9931,45654,85616
10008,43833,97410
10045,45156,22469
10082,45341,31315
10095,45185,75478
10104,45375,75641
10142,44298,41101
10172,44632,70788
10197,45000,70031
10199,43788,70062
10204,43125,37339
10206,45865,37351
10217,45603,37650
10258,43375,64625
10266,45441,64748
10269,44357,64801
10274,44199,64844
10280,43477,42408
10282,43819,42456
10311,43084,42728
10313,45625,42753
10343,43543,86322
10362,44904,86331
10383,44063,18614
10397,44792,24602
10412,45978,24579
10484,44261,30148
10490,44076,30223
10497,45588,30274
10506,43232,36912
10516,44206,36507
10549,45278,23004
10586,44583,66041
10599,45498,87301
10604,43125,87327
10635,43520,67203
10639,45859,67356
10641,45854,67550
10657,43750,67648
10659,44674,67675
10663,44286,67744
10668,43359,67863
10731,43646,90033
10763,45455,79379
10775,43822,92225
10783,45511,92284
10799,45690,3597
10920,45294,49776
10926,45966,49872
10930,45673,49947
10955,43828,49747
10959,43125,49757
11033,45395,32102
11036,43385,32118
11042,44186,32211
11072,45920,17101
11140,45795,49835
11144,45313,17801
11168,43929,17035
11217,44167,87412
11218,43620,87514
11231,44310,2895
11262,45893,88232
11294,44833,88317
11350,44531,59524
11358,44643,59452
11365,43696,85638
11416,44583,48445
11440,45073,35951
11448,44514,35058
11472,44337,37692
11547,43104,75401
11563,45988,95318
11565,43313,95327
11596,44286,41166
11607,43967,66439
11637,43000,43317
11698,45629,23223
11715,45833,50008
11731,45601,44420
11735,44083,44611
11736,45711,44613
11752,43159,44114
11756,43571,57270
11809,44271,38224
11810,44489,38240
11811,44135,38253
11838,45331,4736
11845,44375,4851
11906,45541,48469
11909,45233,48612
11999,44329,19135
12021,44758,19122
12057,45337,87024
12071,45233,24343
12094,43698,38468
12184,44839,90059
12209,45577,49271
12224,43047,49934
12229,45511,49056
12252,45387,49224
12284,43618,67047
12348,44583,58549
12386,45527,11355
12407,45972,98531
12474,43828,12092
12483,44248,12210
12524,45750,28519
12526,43478,28528
12557,44616,28462
12586,45278,4630
12596,43936,29617
12611,45192,29101
12613,43701,29940
12629,45121,28366
12636,44762,68816
12657,44583,68380
12698,45625,38759
12700,43198,38843
12703,43681,38864
12737,45486,1841
12779,45341,15821
12787,44531,59736
12800,45395,59829
12808,45417,59640
12809,43333,59082
12850,44688,48731
12852,44875,48762
12861,43750,82430
12866,44028,57523
12901,43528,37185
12922,44031,76821
12942,43521,76705
12958,44773,62827
12962,45469,62979
12963,44934,62999
12971,45500,62967
12972,45357,62340
13007,43839,45414
13026,45991,90023
13053,44616,90011
13056,44727,12998
13072,44200,43612
13074,45445,77088
13078,44379,77327
13079,45352,77334
13087,44284,65453
13093,43203,65601
13099,44464,64473
13115,45523,64756
13216,45716,15045
13230,45900,15631
13263,43488,23301
13297,43021,78343
13313,45455,59874
13336,45781,59523
13339,44896,59529
13400,45704,45420
13441,43958,92113
13489,45234,63532
13540,44141,45680
13543,43167,37810
13551,45156,38367
13557,43636,38579
13563,43083,38659
13570,43139,38841
13571,45915,38847
13574,45083,46327
13613,44191,24589
13616,43958,97820
13617,45488,97830
13632,45893,97419
13649,44012,97540
13650,45392,97601
13666,43750,4922
13667,45429,4930
13685,43125,4747
13688,43410,4769
13696,44609,4330
13702,43816,4479
13727,44299,5819
13758,45417,24210
13763,45565,24251
13765,43977,24422
13768,43884,24148
13774,44875,49026
13787,43293,24631
13794,43066,24901
13824,44375,24220
13866,45663,12832
13869,45913,12853
13906,45446,46805
13955,43750,36262
13962,44609,36037
13970,44554,36866
13993,44426,85736
14016,44816,53805
14051,45232,53225
14066,44350,29333
14116,43438,68871
14190,43133,43725
14194,44167,43777
14197,44156,43787
14228,44236,41810
14233,43158,15472
14244,45347,45341
14255,44663,45439
14291,45429,47714
14345,45114,57520
14346,44272,57533
14365,45517,29856
14369,43000,29929
14413,43077,71937
14421,43264,71763
14433,44952,26582
14451,45357,49644
14453,45625,49668
14472,43661,45032
14490,44505,32064
14498,43876,32305
14503,45650,32435
14576,44154,64865
14577,45893,64639
14611,43327,80631
14646,45488,24740
14659,45427,24141
14660,43750,24161
14667,45341,24120
14673,43421,73005
14679,44883,23324
14688,45455,15927
14691,43618,15949
14712,43162,81123
14715,45363,81143
14730,45877,81082
14740,44080,81144
14742,44271,81326
14791,43092,74561
14793,43590,74631
14806,44507,59201
14875,44659,31091
14878,43782,31787
14879,45078,31054
14886,44306,31309
14892,45966,31907
14916,44853,24328
14927,45500,68760
15014,44937,72013
15030,45121,83204
15101,45248,95825
15121,44583,38387
15131,45357,38345
15133,45313,38368
15149,44345,25067
15197,45942,66502
15219,44500,66770
15224,44909,66010
15250,44196,24966
15280,43056,24944
15302,43355,38452
15316,43411,24293
15321,45220,25110
15322,44126,25143
15327,45375,25266
15338,43071,25901
15382,44688,12852
15435,45000,14061
15458,43929,14720
15487,44771,29162
15488,43543,29169
15542,44167,53934
15559,44167,65788
15566,43542,65061
15568,44167,65081
15581,45694,65663
15623,45000,88116
15638,45549,1031
15693,43333,51060
15695,43690,68108
15718,43271,41008
15722,43846,41360
15786,45982,15955
15827,44653,14536
15874,45813,97531
15920,45641,75803
15928,44700,63438
15930,44069,63445
15931,45625,63460
15977,43500,39744
15978,45962,39752
15985,44318,39476
15991,45897,78358
15993,43930,32822
16016,45893,44825
16032,43015,44041
16037,45425,44111
16066,44000,47528
16185,45375,23897
16239,45694,72584
16283,45000,74471
16332,45015,34269
16356,45875,89018
16366,45972,56433
16370,45978,56482
16381,45938,56663
16398,45046,47879
16419,45417,47129
16464,43917,57066
16487,43247,40209
16489,45750,40311
16498,43326,40484
16512,43333,48766
16545,43313,48647
16547,43894,48091
16570,45677,29683
16602,44000,86035
16622,44116,85645
16653,44911,38390
16694,45500,55713
16733,44028,69169
16736,43242,85348
16742,44226,80420
16773,44375,56032
16795,44773,38555
16800,45263,38568
16801,45976,38583
16802,44000,38588
16811,43789,38633
16821,45714,38914
16824,44324,38940
16848,45061,26301
16852,44063,26421
16853,45064,26444
16863,45100,26764
16893,44934,55719
16919,44211,85625
16934,43769,85643
16970,44583,65338
16979,45693,65079
16996,43393,65348
17020,45364,65536
17051,44464,14726
17058,44231,14805
17084,44134,65401
17090,45455,65555
17094,45521,33756
17118,45996,33162
17125,44042,33407
17185,44744,45121
17197,45759,68310
17233,45066,33907
17244,43951,33614
17247,45276,33709
17285,44375,80477
17290,44808,80438
17297,44671,73844
17308,45179,15753
17401,45238,97622
17402,45703,97623
17412,43417,76649
17432,44587,63857
17450,44342,5301
17498,43932,95501
17529,45385,28020
17531,44044,28072
17542,45646,44035
17562,45822,17034
17652,43571,49862
17675,45500,59522
17690,44167,59074
17696,43333,59351
17709,44451,13674
17714,44655,13751
17788,43510,15461
17799,43125,67352
17813,43125,67510
17817,43068,67548
17922,43534,50579
17934,44120,42765
17943,44219,42265
17948,44500,42374
17972,44574,42217
17976,43611,30452
17992,43961,56474
18030,44911,59868
18037,43241,59725
18042,44286,59464
18049,45987,77048
18063,43393,77482
18066,44929,77506
18070,44632,77533
18090,45763,77087
18091,44248,77092
18095,45000,77470
18101,43341,77547
18120,44159,45764
18156,43333,83549
18159,44105,83805
18217,44766,69331
18219,43563,69026
18221,44519,69044
18239,44583,69220
18262,43036,47382
18318,44666,43701
18325,43080,43764
18329,44712,43915
18337,43988,65280
18343,45300,65360
18346,43723,65656
18356,45400,65535
18362,43618,65611
18365,43785,65230
18377,45625,65772
18378,44906,38258
18379,44417,38260
18383,43516,38339
18391,44266,55753
18399,43125,55931
18407,45577,69346
18410,44070,69343
18430,43700,2905
18442,45628,2744
18448,45039,56387
18455,45417,56287
18494,44167,43837
18501,44412,43749
18502,44789,43912
18511,44125,38037
18514,44338,38052
18557,45064,33592
18562,45242,29009
18566,43377,29102
18575,43998,29210
18582,44444,29436
18625,44615,33880
18626,44281,33881
18652,43594,41772
18683,44583,45352
18702,45673,45684
18715,44865,45223
18745,43546,24380
18767,43390,41071
18797,43963,73141
18799,45625,73434
18807,43000,82512
18810,44167,82649
18837,45656,29374
18850,43932,44710
18869,44876,34748
18885,44703,34788
18893,43750,37391
18905,44384,76106
18929,44375,76710
18977,44625,5732
19010,44828,75090
19012,43736,75110
19013,43471,75140
19066,44661,28636
19093,45903,40337
19112,44898,26155
19139,44873,46227
19192,43906,59016
19208,43242,59872
19244,45286,45678
19246,44707,22844
19303,43750,67631
19314,43681,73021
19321,45938,73662
19323,45000,73734
19337,44728,83873
19347,45818,83647
19374,43053,40387
19377,43750,40460
19379,46000,40806
19442,43333,57340
19444,44615,57337
19472,45000,57531
19482,45221,26722
19486,45203,26034
19491,43253,26201
19494,44063,26292
19499,43615,26419
19523,45022,26836
19526,44554,26537
19605,43487,96057
19611,44449,96713
19637,44438,96769
19661,44500,84512
19695,43889,93206
19709,45486,28713
19712,45698,28783
19718,43029,28578
19727,45682,28054
19746,44267,28006
19789,43365,7939
19817,44688,58282
19880,44219,38341
19888,43839,38485
19892,43421,38575
19893,44231,38625
19910,45498,38967
19946,44525,2723
19959,43088,47865
19983,43789,47369
20011,45750,29824
20066,43546,14897
20068,45912,14904
20086,43317,14210
20159,44167,56680
20177,45775,41250
20187,43098,52659
20233,45640,95365
20243,45417,95462
20269,44991,74128
20272,44097,74363
20283,44500,41839
20286,45015,41014
20293,43235,41622
20325,43295,26436
20341,45625,29003
20343,45156,29051
20368,43149,29544
20380,43023,29801
20433,44448,29620
20436,45685,29678
20437,43268,29706
20466,45499,46808
20486,43309,46938
20512,43816,75232
20562,44328,32696
20577,44648,32960
20591,45769,18218
20599,44776,18848
20663,43438,87745
20685,45938,49736
20689,45571,49656
20695,44375,49027
20709,44385,49252
20737,43531,45772
20770,43188,16214
20772,44038,16260
20775,45270,16353
20776,45717,16407
20784,45395,16650
20791,43125,30535
20801,45095,30344
20848,44794,83330
20866,44219,83321
20874,44686,41701
20892,43125,81429
20923,44803,70357
20932,43570,70084
20950,45729,70431
20979,44833,78391
20996,43691,31063
21008,43361,31503
21080,45625,56237
21097,44375,56654
21098,45714,56657
21122,45809,56369
21131,44167,96033
21132,43750,96034
21153,43438,47336
21156,45504,47373
21160,43663,47404
21163,45048,47465
21173,45417,47916
21177,46000,47137
21182,43942,47145
21197,43152,45766
21216,45625,84776
21267,45625,17884
21285,44500,17850
21290,45198,17901
21345,45694,58260
21348,45568,58324
21366,45679,1609
21377,43815,79848
21402,45321,79044
21411,43438,79250
21412,43785,79106
21459,44678,14615
21462,45423,14411
21467,43750,14441
21475,43989,43213
21554,45969,1603
21596,44880,28152
21600,43293,38201
21601,44283,38225
21604,44318,38457
21608,45625,75236
21610,44732,52549
21617,45250,52581
21621,45108,52632
21692,45294,74403
21716,45855,63381
21719,44327,21622
21759,44583,74446
21768,44331,74728
21771,44375,74831
21784,45716,74104
21786,44826,74129
21787,44966,74136
21800,43165,74962
21818,44063,97901
21829,45750,97856
21831,45959,97301
21833,44375,97429
21841,43087,54858
21846,43542,54102
21891,43912,75224
21910,43750,75493
21933,44955,71653
21935,44435,71665
21950,44313,71759
21955,45156,62825
21978,43333,49961
22004,45109,98564
22128,43581,66103
22149,45040,66783
22158,45000,66087
22276,44000,16054
22285,45963,16701
22286,44079,16740
22317,44127,72016
22334,44736,31031
22335,44219,31002
22349,44510,31622
22351,43958,31642
22353,43015,31722
22354,45446,31083
22364,43355,31716
22410,43481,62471
22411,45556,62477
22421,43790,77456
22452,44286,93223
22474,43894,93662
22477,43651,93726
22506,43276,31650
22514,43977,31637
22522,44265,31830
22535,44832,72653
22553,44361,72923
22558,45682,72856
22561,43271,72959
22582,44688,5907
22607,45417,5832
22617,45750,25942
22621,45833,56447
22628,45500,56581
22635,44500,56027
22665,43750,50155
22667,45590,50027
22681,43695,30525
22706,43052,30458
22715,44750,30607
22745,43125,84516
22757,43050,67505
22761,45714,67523
22770,44531,83285
22783,43364,84102
22793,45931,15425
22886,44750,82222
22887,44028,82225
22954,44298,92391
22968,45405,28538
22980,44904,28692
22983,43490,28719
22997,43417,28612
22999,45448,28624
23003,44904,28659
23006,45587,28677
23012,43850,28033
23017,43125,58212
23087,44792,21626
23159,43278,21557
23166,45898,21874
23178,45147,21856
23187,44688,74027
23191,45067,74107
23262,43682,62801
23266,44412,62846
23293,43077,62842
23300,44167,62895
23311,44164,34436
23328,43863,34224
23334,43417,34428
23375,45093,76632
23414,45319,16866
23423,45299,16102
23454,43250,16374
23455,43289,16504
23478,44286,49459
23491,43712,49665
23501,45000,73092
23535,43106,37110
23627,43920,12172
23628,44569,12174
23636,45438,12441
23656,45882,3279
23689,43812,65265
23694,44583,65759
23740,44365,18081
23766,45781,64652
23778,43846,64784
23785,45422,64052
23805,44281,64481
23823,43553,42731
23831,43664,42164
23881,45250,68970
23983,45603,24270
23989,44509,93705
24009,44693,93257
24012,45257,93620
24021,43247,93534
24063,45713,72455
24075,45000,76666
24096,44321,76544
24128,45692,44833
24167,45000,50104
24170,45000,50128
24204,43968,78043
24236,44271,26412
24251,44410,60628
24259,44500,21634
24269,45838,11354
24276,44969,64134
24277,44867,64138
24280,43100,64661
24288,43964,64772
24293,43125,64859
24326,45087,21613
24374,45943,35121
24445,43715,35954
24461,44842,35045
24481,43750,35461
24485,43558,35540
24497,44004,71046
24531,45199,38351
24533,43281,38359
24577,45303,77995
24583,43509,77031
24614,43894,63841
24635,44561,63628
24637,44141,63537
24639,45592,79924
24646,45684,79079
24648,45701,79103
24652,44479,79560
24803,43561,78223
24842,43750,35441
24852,45297,35653
24883,45685,35552
24886,43041,35570
24980,43750,13319
25007,44501,25177
25035,44035,70438
25043,44753,70092
25061,45167,61376
25081,44510,27701
25087,45991,27305
25089,44710,27325
25090,44440,27344
25102,45625,27568
25103,43644,27573
25114,45011,27107
25116,44263,27979
25119,45686,27025
25140,45938,79533
25159,45536,4761
25184,45179,75705
25208,43640,75859
25217,43990,75101
25232,45000,65654
25238,45274,78572
25244,45660,78666
25258,44375,15962
25262,43764,15207
25283,45688,13613
25357,44899,51345
25397,44922,13833
25486,43933,25259
25489,43203,25287
25492,44911,25123
25509,43125,54103
25567,43750,99550
25601,44670,61833
25614,44647,61059
25638,43750,71410
25643,45469,71651
25644,43197,71655
25692,44821,68337
25717,45800,29709
25719,45303,62262
25726,45121,62414
25731,45734,62510
25737,45461,4010
25759,45625,13616
25780,44375,13750
25783,44375,13838
25836,44429,21213
25853,45625,21817
25879,45250,53007
25917,45946,11208
25939,43787,25845
25946,43125,25958
25966,45923,25102
25982,43103,71430
25986,43218,71603
25998,43170,71846
26016,45789,47449
26019,45250,47515
26045,45898,77901
26056,45219,77369
26062,45000,77442
26069,43991,77504
26122,43250,99621
26136,43906,75681
26146,45208,75943
26153,44250,31007
26158,43939,28736
26188,44792,28663
26225,45769,68420
26269,44095,4901
26273,43409,71275
26280,44799,71118
26286,43750,71341
26319,43692,33781
26370,45156,48878
26376,43498,48910
26427,45694,27356
26433,44085,27530
26495,44375,55602
26541,43935,40741
26620,45833,27020
26630,44301,27011
26632,45417,27014
26664,45233,27217
26669,45313,75946
26676,44474,75147
26791,45208,99008
26804,44896,56710
26821,43563,72938
26824,43036,72347
26829,43330,72401
26841,44192,33604
26874,44473,28694
26883,44736,28607
26922,44500,21153
26989,45555,10030
27007,45480,60115
27051,45806,61420
27066,44531,55711
27085,43872,2909
27131,43933,70577
27161,45435,66023
27191,44592,18202
27202,44191,18843
27230,43066,18640
27276,44272,72521
27304,43929,89314
27320,43160,89121
27328,45238,89048
27360,45938,72443
27364,45161,72471
27366,45972,72556
27376,44286,72658
27397,45417,99670
27398,43750,99678
27403,44875,99125
27442,44426,13501
27451,43527,13841
27453,43250,13863
27457,43571,65629
27460,43735,65613
27463,43738,65674
27480,45210,48015
27484,43725,48030
27493,43237,48915
27510,44980,49336
27629,43494,66442
27636,44369,66701
27637,44397,66743
27673,44295,18224
27708,45750,66843
27722,44750,99568
27782,45208,50586
27813,43125,72005
27819,43043,72081
27823,43595,72118
27832,43621,72341
27871,44393,89501
27880,44362,37354
27881,45143,37356
27886,45496,37381
27902,44766,37853
27903,43072,37888
27909,43359,37095
27915,44419,37079
27933,43533,99581
27969,43750,54485
28000,44069,23901
28003,43854,23876
28008,43396,23944
28137,43875,52580
28141,43802,52630
28161,43843,66039
28165,44412,66042
28166,43821,66044
28204,44427,63435
28206,44119,63956
28227,45250,52035
28242,45472,52554
28263,44583,43976
28280,43234,10550
28289,43574,75253
28303,45625,47964
28322,43333,47524
28333,45833,68952
28384,43868,42031
28397,44028,42123
28433,43306,68105
28440,45160,37321
28441,44743,37327
28455,43500,86333
28460,44020,86429
28476,44183,56672
28479,43750,56557
28487,43558,56446
28576,43627,99173
28586,45625,99565
28600,45714,99742
28632,43559,45661
28633,45885,45692
28636,44947,60970
28651,45793,60469
28677,45785,52240
28697,43676,73848
28728,44321,63967
28769,43563,63544
28800,43380,73115
28820,44750,57641
28826,43417,57732
28876,43816,72537
28882,43610,72104
28962,43733,68352
28975,45000,68667
28988,44583,68421
29029,44375,77420
29077,45042,78071
29097,43281,78569
29100,45881,78596
29145,44338,63655
29150,43169,63751
29153,45946,63801
29163,44213,63839
29205,45313,43101
29226,43750,66767
29240,45673,73537
29242,43750,73556
29243,43295,73639
29254,45107,73139
29270,44831,29550
29293,45893,68821
29298,45921,67487
29336,45364,72932
29343,43415,72143
29361,44013,68665
29401,44063,68950
29414,43508,72063
29440,44265,72944
29443,44750,72434
29453,43393,54138
29463,43177,54303
29478,43500,59055
29486,45781,59451
29495,43730,99166
29496,44821,99176
29545,44904,67029
29557,43393,67137
29566,43194,95947
29587,44230,75602
29590,45467,75644
29602,43971,58259
29625,43333,29555
29670,45089,98241
29689,44639,8310
29726,43847,87121
29733,43777,87557
29741,44123,87801
29756,44688,4923
29762,45536,4984
29777,45313,4221
29784,44167,4430
29785,43500,4442
29788,44922,4463
29807,45040,33130
29813,43125,68448
29841,45063,24363
29846,44728,24597
29850,44073,24976
29859,45776,24366
29889,43097,72315
29917,45000,48744
29920,43400,48801
29921,45240,48806
29949,45208,5825
29956,45484,5089
29977,44750,5447
29991,45294,54527
30007,43462,54805
30023,43350,76011
30080,45833,79520
30086,44375,79565
30088,43614,79603
30093,45469,79252
30094,43526,79322
30109,43610,32640
30124,45205,32809
30129,44056,32905
30149,44679,74301
30170,45500,71435
30200,43542,71326
30233,43930,8901
30279,45469,87728
30312,45000,58712
30339,45879,33167
30346,44297,33001
30380,44890,89109
30393,44432,24133
30409,43409,57356
30436,45910,57104
30449,45541,48703
30466,45164,54875
30557,44257,76164
30582,43948,76429
30583,45846,76501
30598,45114,79367
30607,43768,79201
30649,45898,37814
30670,43008,74352
30678,45385,74470
30679,44167,74552
30685,44728,74701
30704,44167,99555
30728,44531,71851
30730,44473,71854
30745,43211,28734
30748,43615,28753
30767,44410,28341
30789,44406,48610
30790,44118,48614
30793,45776,48624
30851,43438,58222
30852,44318,58223
30888,43769,89110
30895,44167,89833
30904,45833,89060
30937,43558,37357
30945,43628,57262
30959,45004,90029
31017,43333,77853
31083,44236,6607
31109,43197,6380
31131,43750,67553
31139,43750,67051
31146,44000,67511
31150,45781,67669
31158,44619,67860
31184,44195,37166
31196,43077,57748
31212,44167,57738
31264,44438,54896
31281,45250,35574
31298,45096,28748
31299,45351,28754
31310,44394,61606
31341,45741,13329
31346,46000,61338
31355,43485,35601
31356,45000,35610
31358,45677,35646
31366,44969,35769
31367,43661,35776
31393,44064,98433
31416,45257,46985
31420,44750,46991
31428,45625,56737
31432,44375,56569
31433,44881,56628
31450,45288,56144
31463,44984,65712
31464,44556,65717
31505,44892,65608
31546,43974,56136
31570,43125,56626
31581,43750,96107
31585,44550,96134
31595,46000,79501
31618,45625,47862
31629,45446,98586
31658,44144,12078
31663,45800,12122
31681,45714,12843
31691,45722,95427
31821,43917,35978
31860,44494,30258
31868,43194,13690
31882,44466,13905
31899,45000,99649
31922,43246,61074
31936,45836,61944
31948,45103,49858
31956,45819,49942
31957,45052,49946
31959,44643,49958
31960,45443,49646
31976,45714,56535
31998,43125,38050
32009,43688,72473
32034,45445,59873
32052,43750,59066
32142,45630,12701
32206,44530,15074
32219,45036,64468
32229,45625,64745
32242,44598,64402
32256,43750,64456
32257,43563,64471
32326,44196,77067
32360,43673,38544
32375,45000,58416
32379,44798,30559
32384,44938,30577
32408,44016,12910
32415,44722,12979
32418,43250,12194
32428,45179,54536
32429,45000,54554
32436,44250,99841
32441,45386,99775
32455,45439,23947
32456,43750,23958
32479,45427,75116
32505,43864,95415
32549,43568,7050
32566,44832,7055
32568,45222,7105
32569,44898,7111
32640,44605,50441
32653,43750,50559
32674,44392,30093
32684,43902,30624
32695,44892,30630
32697,43645,30643
32721,43281,64493
32737,43906,78332
32768,43750,51544
32876,45500,71940
32880,45357,71029
32881,45156,71032
32892,44783,54655
32913,44638,54495
32988,43779,20032
33003,45234,32431
33004,44643,32445
33033,44538,60612
33035,43642,60617
33038,45632,60626
33063,43125,26208
33074,43164,26104
33092,43698,26241
33116,45000,16627
